[{"PWSID":"GA2190003","PWSNAME":"PLEASANT HILL SUBDIVISION","STATE":"GA","COUNTYSERVED":"OCONEE","VIOID":12510,"CCODE":5000,"CNAME":"Lead  amp; Copper Rule                      ","CTYPE":"LCR","VCODE":52,"VNAME":"Follow-up and Routine LCR Tap Sampling","VTYPE":"MR","VIOLMEASURE":null,"ENFACTIONTYPE":"SIF","ENFACTIONNAME":"St Public Notif received                ","ENFDATE":"26-JUL-12","COMPPERBEGINDATE":"01-OCT-11","COMPPERENDDATE":"31-DEC-25","SOURCES":null,"DEFINITION":null,"HEALTH_EFFECTS":null},{"PWSID":"GA2190003","PWSNAME":"PLEASANT HILL SUBDIVISION","STATE":"GA","COUNTYSERVED":"OCONEE","VIOID":12510,"CCODE":5000,"CNAME":"Lead  amp; Copper Rule                      ","CTYPE":"LCR","VCODE":52,"VNAME":"Follow-up and Routine LCR Tap Sampling","VTYPE":"MR","VIOLMEASURE":null,"ENFACTIONTYPE":"SIE","ENFACTIONNAME":"St Public Notif requested               ","ENFDATE":"10-MAY-12","COMPPERBEGINDATE":"01-OCT-11","COMPPERENDDATE":"31-DEC-25","SOURCES":null,"DEFINITION":null,"HEALTH_EFFECTS":null},{"PWSID":"GA2190003","PWSNAME":"PLEASANT HILL SUBDIVISION","STATE":"GA","COUNTYSERVED":"OCONEE","VIOID":12510,"CCODE":5000,"CNAME":"Lead  amp; Copper Rule                      ","CTYPE":"LCR","VCODE":52,"VNAME":"Follow-up and Routine LCR Tap Sampling","VTYPE":"MR","VIOLMEASURE":null,"ENFACTIONTYPE":"SIA","ENFACTIONNAME":"St Violation/Reminder Notice            ","ENFDATE":"10-MAY-12","COMPPERBEGINDATE":"01-OCT-11","COMPPERENDDATE":"31-DEC-25","SOURCES":null,"DEFINITION":null,"HEALTH_EFFECTS":null},{"PWSID":"GA2190053","PWSNAME":"BARNETTS BLUFF","STATE":"GA","COUNTYSERVED":"OCONEE","VIOID":10410,"CCODE":3100,"CNAME":"Coliform (TCR)                          ","CTYPE":"TCR","VCODE":23,"VNAME":"Monitoring, Routine Major (TCR)","VTYPE":"MR","VIOLMEASURE":null,"ENFACTIONTYPE":"SIF","ENFACTIONNAME":"St Public Notif received                ","ENFDATE":"30-MAR-11","COMPPERBEGINDATE":"01-JUL-10","COMPPERENDDATE":"31-JUL-10","SOURCES":"Coliforms are naturally present in the environment; as well as feces; fecal coliforms and E. coli only come from human and animal fecal waste.","DEFINITION":"Coliforms are bacteria that are naturally present in the environment and used as an indicator that other, potentially harmful, bacteria may be present. Coliforms found in more samples than allowed is a warning of potential problems.","HEALTH_EFFECTS":"Not a health threat in itself; it is used to indicate whether other potentially harmful bacteria may be present5"},{"PWSID":"GA2190053","PWSNAME":"BARNETTS BLUFF","STATE":"GA","COUNTYSERVED":"OCONEE","VIOID":10410,"CCODE":3100,"CNAME":"Coliform (TCR)                          ","CTYPE":"TCR","VCODE":23,"VNAME":"Monitoring, Routine Major (TCR)","VTYPE":"MR","VIOLMEASURE":null,"ENFACTIONTYPE":"SIA","ENFACTIONNAME":"St Violation/Reminder Notice            ","ENFDATE":"25-AUG-10","COMPPERBEGINDATE":"01-JUL-10","COMPPERENDDATE":"31-JUL-10","SOURCES":"Coliforms are naturally present in the environment; as well as feces; fecal coliforms and E. coli only come from human and animal fecal waste.","DEFINITION":"Coliforms are bacteria that are naturally present in the environment and used as an indicator that other, potentially harmful, bacteria may be present. Coliforms found in more samples than allowed is a warning of potential problems.","HEALTH_EFFECTS":"Not a health threat in itself; it is used to indicate whether other potentially harmful bacteria may be present5"},{"PWSID":"GA2190053","PWSNAME":"BARNETTS BLUFF","STATE":"GA","COUNTYSERVED":"OCONEE","VIOID":10410,"CCODE":3100,"CNAME":"Coliform (TCR)                          ","CTYPE":"TCR","VCODE":23,"VNAME":"Monitoring, Routine Major (TCR)","VTYPE":"MR","VIOLMEASURE":null,"ENFACTIONTYPE":"SIE","ENFACTIONNAME":"St Public Notif requested               ","ENFDATE":"25-AUG-10","COMPPERBEGINDATE":"01-JUL-10","COMPPERENDDATE":"31-JUL-10","SOURCES":"Coliforms are naturally present in the environment; as well as feces; fecal coliforms and E. coli only come from human and animal fecal waste.","DEFINITION":"Coliforms are bacteria that are naturally present in the environment and used as an indicator that other, potentially harmful, bacteria may be present. Coliforms found in more samples than allowed is a warning of potential problems.","HEALTH_EFFECTS":"Not a health threat in itself; it is used to indicate whether other potentially harmful bacteria may be present5"},{"PWSID":"GA2190054","PWSNAME":"ASHLAND SUBDIVISION","STATE":"GA","COUNTYSERVED":"OCONEE","VIOID":510,"CCODE":3100,"CNAME":"Coliform (TCR)                          ","CTYPE":"TCR","VCODE":23,"VNAME":"Monitoring, Routine Major (TCR)","VTYPE":"MR","VIOLMEASURE":null,"ENFACTIONTYPE":"SIE","ENFACTIONNAME":"St Public Notif requested               ","ENFDATE":"25-AUG-10","COMPPERBEGINDATE":"01-JUL-10","COMPPERENDDATE":"31-JUL-10","SOURCES":"Coliforms are naturally present in the environment; as well as feces; fecal coliforms and E. coli only come from human and animal fecal waste.","DEFINITION":"Coliforms are bacteria that are naturally present in the environment and used as an indicator that other, potentially harmful, bacteria may be present. Coliforms found in more samples than allowed is a warning of potential problems.","HEALTH_EFFECTS":"Not a health threat in itself; it is used to indicate whether other potentially harmful bacteria may be present5"},{"PWSID":"GA2190054","PWSNAME":"ASHLAND SUBDIVISION","STATE":"GA","COUNTYSERVED":"OCONEE","VIOID":510,"CCODE":3100,"CNAME":"Coliform (TCR)                          ","CTYPE":"TCR","VCODE":23,"VNAME":"Monitoring, Routine Major (TCR)","VTYPE":"MR","VIOLMEASURE":null,"ENFACTIONTYPE":"SIA","ENFACTIONNAME":"St Violation/Reminder Notice            ","ENFDATE":"25-AUG-10","COMPPERBEGINDATE":"01-JUL-10","COMPPERENDDATE":"31-JUL-10","SOURCES":"Coliforms are naturally present in the environment; as well as feces; fecal coliforms and E. coli only come from human and animal fecal waste.","DEFINITION":"Coliforms are bacteria that are naturally present in the environment and used as an indicator that other, potentially harmful, bacteria may be present. Coliforms found in more samples than allowed is a warning of potential problems.","HEALTH_EFFECTS":"Not a health threat in itself; it is used to indicate whether other potentially harmful bacteria may be present5"},{"PWSID":"GA2190054","PWSNAME":"ASHLAND SUBDIVISION","STATE":"GA","COUNTYSERVED":"OCONEE","VIOID":510,"CCODE":3100,"CNAME":"Coliform (TCR)                          ","CTYPE":"TCR","VCODE":23,"VNAME":"Monitoring, Routine Major (TCR)","VTYPE":"MR","VIOLMEASURE":null,"ENFACTIONTYPE":"SIF","ENFACTIONNAME":"St Public Notif received                ","ENFDATE":"30-MAR-11","COMPPERBEGINDATE":"01-JUL-10","COMPPERENDDATE":"31-JUL-10","SOURCES":"Coliforms are naturally present in the environment; as well as feces; fecal coliforms and E. coli only come from human and animal fecal waste.","DEFINITION":"Coliforms are bacteria that are naturally present in the environment and used as an indicator that other, potentially harmful, bacteria may be present. Coliforms found in more samples than allowed is a warning of potential problems.","HEALTH_EFFECTS":"Not a health threat in itself; it is used to indicate whether other potentially harmful bacteria may be present5"},{"PWSID":"GA2190055","PWSNAME":"FERNWOOD SUBDIVISION","STATE":"GA","COUNTYSERVED":"OCONEE","VIOID":210,"CCODE":3100,"CNAME":"Coliform (TCR)                          ","CTYPE":"TCR","VCODE":23,"VNAME":"Monitoring, Routine Major (TCR)","VTYPE":"MR","VIOLMEASURE":null,"ENFACTIONTYPE":"SIE","ENFACTIONNAME":"St Public Notif requested               ","ENFDATE":"25-AUG-10","COMPPERBEGINDATE":"01-JUL-10","COMPPERENDDATE":"31-JUL-10","SOURCES":"Coliforms are naturally present in the environment; as well as feces; fecal coliforms and E. coli only come from human and animal fecal waste.","DEFINITION":"Coliforms are bacteria that are naturally present in the environment and used as an indicator that other, potentially harmful, bacteria may be present. Coliforms found in more samples than allowed is a warning of potential problems.","HEALTH_EFFECTS":"Not a health threat in itself; it is used to indicate whether other potentially harmful bacteria may be present5"},{"PWSID":"GA2190055","PWSNAME":"FERNWOOD SUBDIVISION","STATE":"GA","COUNTYSERVED":"OCONEE","VIOID":210,"CCODE":3100,"CNAME":"Coliform (TCR)                          ","CTYPE":"TCR","VCODE":23,"VNAME":"Monitoring, Routine Major (TCR)","VTYPE":"MR","VIOLMEASURE":null,"ENFACTIONTYPE":"SIF","ENFACTIONNAME":"St Public Notif received                ","ENFDATE":"30-MAR-11","COMPPERBEGINDATE":"01-JUL-10","COMPPERENDDATE":"31-JUL-10","SOURCES":"Coliforms are naturally present in the environment; as well as feces; fecal coliforms and E. coli only come from human and animal fecal waste.","DEFINITION":"Coliforms are bacteria that are naturally present in the environment and used as an indicator that other, potentially harmful, bacteria may be present. Coliforms found in more samples than allowed is a warning of potential problems.","HEALTH_EFFECTS":"Not a health threat in itself; it is used to indicate whether other potentially harmful bacteria may be present5"},{"PWSID":"GA2190055","PWSNAME":"FERNWOOD SUBDIVISION","STATE":"GA","COUNTYSERVED":"OCONEE","VIOID":210,"CCODE":3100,"CNAME":"Coliform (TCR)                          ","CTYPE":"TCR","VCODE":23,"VNAME":"Monitoring, Routine Major (TCR)","VTYPE":"MR","VIOLMEASURE":null,"ENFACTIONTYPE":"SIA","ENFACTIONNAME":"St Violation/Reminder Notice            ","ENFDATE":"25-AUG-10","COMPPERBEGINDATE":"01-JUL-10","COMPPERENDDATE":"31-JUL-10","SOURCES":"Coliforms are naturally present in the environment; as well as feces; fecal coliforms and E. coli only come from human and animal fecal waste.","DEFINITION":"Coliforms are bacteria that are naturally present in the environment and used as an indicator that other, potentially harmful, bacteria may be present. Coliforms found in more samples than allowed is a warning of potential problems.","HEALTH_EFFECTS":"Not a health threat in itself; it is used to indicate whether other potentially harmful bacteria may be present5"},{"PWSID":"GA2190057","PWSNAME":"EAGLEWOOD SUBDIVISION","STATE":"GA","COUNTYSERVED":"OCONEE","VIOID":410,"CCODE":3100,"CNAME":"Coliform (TCR)                          ","CTYPE":"TCR","VCODE":23,"VNAME":"Monitoring, Routine Major (TCR)","VTYPE":"MR","VIOLMEASURE":null,"ENFACTIONTYPE":"SIA","ENFACTIONNAME":"St Violation/Reminder Notice            ","ENFDATE":"25-AUG-10","COMPPERBEGINDATE":"01-JUL-10","COMPPERENDDATE":"31-JUL-10","SOURCES":"Coliforms are naturally present in the environment; as well as feces; fecal coliforms and E. coli only come from human and animal fecal waste.","DEFINITION":"Coliforms are bacteria that are naturally present in the environment and used as an indicator that other, potentially harmful, bacteria may be present. Coliforms found in more samples than allowed is a warning of potential problems.","HEALTH_EFFECTS":"Not a health threat in itself; it is used to indicate whether other potentially harmful bacteria may be present5"},{"PWSID":"GA2190057","PWSNAME":"EAGLEWOOD SUBDIVISION","STATE":"GA","COUNTYSERVED":"OCONEE","VIOID":410,"CCODE":3100,"CNAME":"Coliform (TCR)                          ","CTYPE":"TCR","VCODE":23,"VNAME":"Monitoring, Routine Major (TCR)","VTYPE":"MR","VIOLMEASURE":null,"ENFACTIONTYPE":"SIF","ENFACTIONNAME":"St Public Notif received                ","ENFDATE":"30-MAR-11","COMPPERBEGINDATE":"01-JUL-10","COMPPERENDDATE":"31-JUL-10","SOURCES":"Coliforms are naturally present in the environment; as well as feces; fecal coliforms and E. coli only come from human and animal fecal waste.","DEFINITION":"Coliforms are bacteria that are naturally present in the environment and used as an indicator that other, potentially harmful, bacteria may be present. Coliforms found in more samples than allowed is a warning of potential problems.","HEALTH_EFFECTS":"Not a health threat in itself; it is used to indicate whether other potentially harmful bacteria may be present5"},{"PWSID":"GA2190057","PWSNAME":"EAGLEWOOD SUBDIVISION","STATE":"GA","COUNTYSERVED":"OCONEE","VIOID":410,"CCODE":3100,"CNAME":"Coliform (TCR)                          ","CTYPE":"TCR","VCODE":23,"VNAME":"Monitoring, Routine Major (TCR)","VTYPE":"MR","VIOLMEASURE":null,"ENFACTIONTYPE":"SIE","ENFACTIONNAME":"St Public Notif requested               ","ENFDATE":"25-AUG-10","COMPPERBEGINDATE":"01-JUL-10","COMPPERENDDATE":"31-JUL-10","SOURCES":"Coliforms are naturally present in the environment; as well as feces; fecal coliforms and E. coli only come from human and animal fecal waste.","DEFINITION":"Coliforms are bacteria that are naturally present in the environment and used as an indicator that other, potentially harmful, bacteria may be present. Coliforms found in more samples than allowed is a warning of potential problems.","HEALTH_EFFECTS":"Not a health threat in itself; it is used to indicate whether other potentially harmful bacteria may be present5"},{"PWSID":"GA2190058","PWSNAME":"OLD MILL CHASE SUBDIVISION","STATE":"GA","COUNTYSERVED":"OCONEE","VIOID":10410,"CCODE":3100,"CNAME":"Coliform (TCR)                          ","CTYPE":"TCR","VCODE":23,"VNAME":"Monitoring, Routine Major (TCR)","VTYPE":"MR","VIOLMEASURE":null,"ENFACTIONTYPE":"SIA","ENFACTIONNAME":"St Violation/Reminder Notice            ","ENFDATE":"25-AUG-10","COMPPERBEGINDATE":"01-JUL-10","COMPPERENDDATE":"31-JUL-10","SOURCES":"Coliforms are naturally present in the environment; as well as feces; fecal coliforms and E. coli only come from human and animal fecal waste.","DEFINITION":"Coliforms are bacteria that are naturally present in the environment and used as an indicator that other, potentially harmful, bacteria may be present. Coliforms found in more samples than allowed is a warning of potential problems.","HEALTH_EFFECTS":"Not a health threat in itself; it is used to indicate whether other potentially harmful bacteria may be present5"},{"PWSID":"GA2190058","PWSNAME":"OLD MILL CHASE SUBDIVISION","STATE":"GA","COUNTYSERVED":"OCONEE","VIOID":10410,"CCODE":3100,"CNAME":"Coliform (TCR)                          ","CTYPE":"TCR","VCODE":23,"VNAME":"Monitoring, Routine Major (TCR)","VTYPE":"MR","VIOLMEASURE":null,"ENFACTIONTYPE":"SIF","ENFACTIONNAME":"St Public Notif received                ","ENFDATE":"30-MAR-11","COMPPERBEGINDATE":"01-JUL-10","COMPPERENDDATE":"31-JUL-10","SOURCES":"Coliforms are naturally present in the environment; as well as feces; fecal coliforms and E. coli only come from human and animal fecal waste.","DEFINITION":"Coliforms are bacteria that are naturally present in the environment and used as an indicator that other, potentially harmful, bacteria may be present. Coliforms found in more samples than allowed is a warning of potential problems.","HEALTH_EFFECTS":"Not a health threat in itself; it is used to indicate whether other potentially harmful bacteria may be present5"},{"PWSID":"GA2190058","PWSNAME":"OLD MILL CHASE SUBDIVISION","STATE":"GA","COUNTYSERVED":"OCONEE","VIOID":10410,"CCODE":3100,"CNAME":"Coliform (TCR)                          ","CTYPE":"TCR","VCODE":23,"VNAME":"Monitoring, Routine Major (TCR)","VTYPE":"MR","VIOLMEASURE":null,"ENFACTIONTYPE":"SIE","ENFACTIONNAME":"St Public Notif requested               ","ENFDATE":"25-AUG-10","COMPPERBEGINDATE":"01-JUL-10","COMPPERENDDATE":"31-JUL-10","SOURCES":"Coliforms are naturally present in the environment; as well as feces; fecal coliforms and E. coli only come from human and animal fecal waste.","DEFINITION":"Coliforms are bacteria that are naturally present in the environment and used as an indicator that other, potentially harmful, bacteria may be present. Coliforms found in more samples than allowed is a warning of potential problems.","HEALTH_EFFECTS":"Not a health threat in itself; it is used to indicate whether other potentially harmful bacteria may be present5"},{"PWSID":"GA2190060","PWSNAME":"HARROWFORD SUBDIVISION","STATE":"GA","COUNTYSERVED":"OCONEE","VIOID":20510,"CCODE":3100,"CNAME":"Coliform (TCR)                          ","CTYPE":"TCR","VCODE":23,"VNAME":"Monitoring, Routine Major (TCR)","VTYPE":"MR","VIOLMEASURE":null,"ENFACTIONTYPE":"SIF","ENFACTIONNAME":"St Public Notif received                ","ENFDATE":"30-MAR-11","COMPPERBEGINDATE":"01-JUL-10","COMPPERENDDATE":"31-JUL-10","SOURCES":"Coliforms are naturally present in the environment; as well as feces; fecal coliforms and E. coli only come from human and animal fecal waste.","DEFINITION":"Coliforms are bacteria that are naturally present in the environment and used as an indicator that other, potentially harmful, bacteria may be present. Coliforms found in more samples than allowed is a warning of potential problems.","HEALTH_EFFECTS":"Not a health threat in itself; it is used to indicate whether other potentially harmful bacteria may be present5"},{"PWSID":"GA2190060","PWSNAME":"HARROWFORD SUBDIVISION","STATE":"GA","COUNTYSERVED":"OCONEE","VIOID":20510,"CCODE":3100,"CNAME":"Coliform (TCR)                          ","CTYPE":"TCR","VCODE":23,"VNAME":"Monitoring, Routine Major (TCR)","VTYPE":"MR","VIOLMEASURE":null,"ENFACTIONTYPE":"SIE","ENFACTIONNAME":"St Public Notif requested               ","ENFDATE":"25-AUG-10","COMPPERBEGINDATE":"01-JUL-10","COMPPERENDDATE":"31-JUL-10","SOURCES":"Coliforms are naturally present in the environment; as well as feces; fecal coliforms and E. coli only come from human and animal fecal waste.","DEFINITION":"Coliforms are bacteria that are naturally present in the environment and used as an indicator that other, potentially harmful, bacteria may be present. Coliforms found in more samples than allowed is a warning of potential problems.","HEALTH_EFFECTS":"Not a health threat in itself; it is used to indicate whether other potentially harmful bacteria may be present5"},{"PWSID":"GA2190060","PWSNAME":"HARROWFORD SUBDIVISION","STATE":"GA","COUNTYSERVED":"OCONEE","VIOID":20510,"CCODE":3100,"CNAME":"Coliform (TCR)                          ","CTYPE":"TCR","VCODE":23,"VNAME":"Monitoring, Routine Major (TCR)","VTYPE":"MR","VIOLMEASURE":null,"ENFACTIONTYPE":"SIA","ENFACTIONNAME":"St Violation/Reminder Notice            ","ENFDATE":"25-AUG-10","COMPPERBEGINDATE":"01-JUL-10","COMPPERENDDATE":"31-JUL-10","SOURCES":"Coliforms are naturally present in the environment; as well as feces; fecal coliforms and E. coli only come from human and animal fecal waste.","DEFINITION":"Coliforms are bacteria that are naturally present in the environment and used as an indicator that other, potentially harmful, bacteria may be present. Coliforms found in more samples than allowed is a warning of potential problems.","HEALTH_EFFECTS":"Not a health threat in itself; it is used to indicate whether other potentially harmful bacteria may be present5"},{"PWSID":"GA2190071","PWSNAME":"WRANGLERS HIDE AWAY","STATE":"GA","COUNTYSERVED":"OCONEE","VIOID":21611,"CCODE":3100,"CNAME":"Coliform (TCR)                          ","CTYPE":"TCR","VCODE":23,"VNAME":"Monitoring, Routine Major (TCR)","VTYPE":"MR","VIOLMEASURE":null,"ENFACTIONTYPE":"SIF","ENFACTIONNAME":"St Public Notif received                ","ENFDATE":"04-MAR-11","COMPPERBEGINDATE":"01-DEC-10","COMPPERENDDATE":"31-DEC-10","SOURCES":"Coliforms are naturally present in the environment; as well as feces; fecal coliforms and E. coli only come from human and animal fecal waste.","DEFINITION":"Coliforms are bacteria that are naturally present in the environment and used as an indicator that other, potentially harmful, bacteria may be present. Coliforms found in more samples than allowed is a warning of potential problems.","HEALTH_EFFECTS":"Not a health threat in itself; it is used to indicate whether other potentially harmful bacteria may be present5"},{"PWSID":"GA2190071","PWSNAME":"WRANGLERS HIDE AWAY","STATE":"GA","COUNTYSERVED":"OCONEE","VIOID":21611,"CCODE":3100,"CNAME":"Coliform (TCR)                          ","CTYPE":"TCR","VCODE":23,"VNAME":"Monitoring, Routine Major (TCR)","VTYPE":"MR","VIOLMEASURE":null,"ENFACTIONTYPE":"SIA","ENFACTIONNAME":"St Violation/Reminder Notice            ","ENFDATE":"20-JAN-11","COMPPERBEGINDATE":"01-DEC-10","COMPPERENDDATE":"31-DEC-10","SOURCES":"Coliforms are naturally present in the environment; as well as feces; fecal coliforms and E. coli only come from human and animal fecal waste.","DEFINITION":"Coliforms are bacteria that are naturally present in the environment and used as an indicator that other, potentially harmful, bacteria may be present. Coliforms found in more samples than allowed is a warning of potential problems.","HEALTH_EFFECTS":"Not a health threat in itself; it is used to indicate whether other potentially harmful bacteria may be present5"},{"PWSID":"GA2190071","PWSNAME":"WRANGLERS HIDE AWAY","STATE":"GA","COUNTYSERVED":"OCONEE","VIOID":21611,"CCODE":3100,"CNAME":"Coliform (TCR)                          ","CTYPE":"TCR","VCODE":23,"VNAME":"Monitoring, Routine Major (TCR)","VTYPE":"MR","VIOLMEASURE":null,"ENFACTIONTYPE":"SIE","ENFACTIONNAME":"St Public Notif requested               ","ENFDATE":"20-JAN-11","COMPPERBEGINDATE":"01-DEC-10","COMPPERENDDATE":"31-DEC-10","SOURCES":"Coliforms are naturally present in the environment; as well as feces; fecal coliforms and E. coli only come from human and animal fecal waste.","DEFINITION":"Coliforms are bacteria that are naturally present in the environment and used as an indicator that other, potentially harmful, bacteria may be present. Coliforms found in more samples than allowed is a warning of potential problems.","HEALTH_EFFECTS":"Not a health threat in itself; it is used to indicate whether other potentially harmful bacteria may be present5"},{"PWSID":"GA2190073","PWSNAME":"BRIDLEGATE S/D","STATE":"GA","COUNTYSERVED":"OCONEE","VIOID":110,"CCODE":3100,"CNAME":"Coliform (TCR)                          ","CTYPE":"TCR","VCODE":23,"VNAME":"Monitoring, Routine Major (TCR)","VTYPE":"MR","VIOLMEASURE":null,"ENFACTIONTYPE":"SIE","ENFACTIONNAME":"St Public Notif requested               ","ENFDATE":"25-AUG-10","COMPPERBEGINDATE":"01-JUL-10","COMPPERENDDATE":"31-JUL-10","SOURCES":"Coliforms are naturally present in the environment; as well as feces; fecal coliforms and E. coli only come from human and animal fecal waste.","DEFINITION":"Coliforms are bacteria that are naturally present in the environment and used as an indicator that other, potentially harmful, bacteria may be present. Coliforms found in more samples than allowed is a warning of potential problems.","HEALTH_EFFECTS":"Not a health threat in itself; it is used to indicate whether other potentially harmful bacteria may be present5"},{"PWSID":"GA2190073","PWSNAME":"BRIDLEGATE S/D","STATE":"GA","COUNTYSERVED":"OCONEE","VIOID":110,"CCODE":3100,"CNAME":"Coliform (TCR)                          ","CTYPE":"TCR","VCODE":23,"VNAME":"Monitoring, Routine Major (TCR)","VTYPE":"MR","VIOLMEASURE":null,"ENFACTIONTYPE":"SIA","ENFACTIONNAME":"St Violation/Reminder Notice            ","ENFDATE":"25-AUG-10","COMPPERBEGINDATE":"01-JUL-10","COMPPERENDDATE":"31-JUL-10","SOURCES":"Coliforms are naturally present in the environment; as well as feces; fecal coliforms and E. coli only come from human and animal fecal waste.","DEFINITION":"Coliforms are bacteria that are naturally present in the environment and used as an indicator that other, potentially harmful, bacteria may be present. Coliforms found in more samples than allowed is a warning of potential problems.","HEALTH_EFFECTS":"Not a health threat in itself; it is used to indicate whether other potentially harmful bacteria may be present5"},{"PWSID":"GA2190073","PWSNAME":"BRIDLEGATE S/D","STATE":"GA","COUNTYSERVED":"OCONEE","VIOID":110,"CCODE":3100,"CNAME":"Coliform (TCR)                          ","CTYPE":"TCR","VCODE":23,"VNAME":"Monitoring, Routine Major (TCR)","VTYPE":"MR","VIOLMEASURE":null,"ENFACTIONTYPE":"SIF","ENFACTIONNAME":"St Public Notif received                ","ENFDATE":"30-MAR-11","COMPPERBEGINDATE":"01-JUL-10","COMPPERENDDATE":"31-JUL-10","SOURCES":"Coliforms are naturally present in the environment; as well as feces; fecal coliforms and E. coli only come from human and animal fecal waste.","DEFINITION":"Coliforms are bacteria that are naturally present in the environment and used as an indicator that other, potentially harmful, bacteria may be present. Coliforms found in more samples than allowed is a warning of potential problems.","HEALTH_EFFECTS":"Not a health threat in itself; it is used to indicate whether other potentially harmful bacteria may be present5"}]